DATE,GBP1WKD156N
2015-01-02,0.48469
2015-01-05,0.47938
2015-01-06,0.47938
2015-01-07,0.47938
2015-01-08,0.47938
2015-01-09,0.47938
2015-01-12,0.47938
2015-01-13,0.47938
2015-01-14,0.47938
2015-01-15,0.47938
2015-01-16,0.47938
2015-01-19,0.47875
2015-01-20,0.47875
2015-01-21,0.47844
2015-01-22,0.47844
2015-01-23,0.47875
2015-01-26,0.47875
2015-01-27,0.47875
2015-01-28,0.48375
2015-01-29,0.48188
2015-01-30,0.47938
2015-02-02,0.47938
2015-02-03,0.47938
2015-02-04,0.47906
2015-02-05,0.48
2015-02-06,0.48
2015-02-09,0.48
2015-02-10,0.48
2015-02-11,0.48
2015-02-12,0.48
2015-02-13,0.48
2015-02-16,0.48
2015-02-17,0.48094
2015-02-18,0.48344
2015-02-19,0.485
2015-02-20,0.48625
2015-02-23,0.48531
2015-02-24,0.485
2015-02-25,0.485
2015-02-26,0.485
2015-02-27,0.48438
2015-03-02,0.48438
2015-03-03,0.48344
2015-03-04,0.48375
2015-03-05,0.48438
2015-03-06,0.48438
2015-03-09,0.48406
2015-03-10,0.48438
2015-03-11,0.48281
2015-03-12,0.48438
2015-03-13,0.48563
2015-03-16,0.48438
2015-03-17,0.48438
2015-03-18,0.48438
2015-03-19,0.48313
2015-03-20,0.48625
2015-03-23,0.48594
2015-03-24,0.48563
2015-03-25,0.48625
2015-03-26,0.48688
2015-03-27,0.48563
2015-03-30,0.48375
2015-03-31,0.48344
2015-04-01,0.48625
2015-04-02,0.48625
2015-04-03,.
2015-04-06,.
2015-04-07,0.48688
2015-04-08,0.48625
2015-04-09,0.485
2015-04-10,0.485
2015-04-13,0.485
2015-04-14,0.48438
2015-04-15,0.48438
2015-04-16,0.48406
2015-04-17,0.48656
2015-04-20,0.48406
2015-04-21,0.48438
2015-04-22,0.48531
2015-04-23,0.48469
2015-04-24,0.48719
2015-04-27,0.48719
2015-04-28,0.4915
2015-04-29,0.48844
2015-04-30,0.49019
2015-05-01,0.4905
2015-05-04,.
2015-05-05,0.4855
2015-05-06,0.4855
2015-05-07,0.4855
2015-05-08,0.48925
2015-05-11,0.488
2015-05-12,0.4855
2015-05-13,0.4855
2015-05-14,0.4855
2015-05-15,0.4905
2015-05-18,0.488
2015-05-19,0.4855
2015-05-20,0.4855
2015-05-21,0.4855
2015-05-22,0.4855
2015-05-25,.
2015-05-26,0.48738
2015-05-27,0.48488
2015-05-28,0.48488
2015-05-29,0.48738
2015-06-01,0.4905
2015-06-02,0.48988
2015-06-03,0.48488
2015-06-04,0.48488
2015-06-05,0.48613
2015-06-08,0.48613
2015-06-09,0.48613
2015-06-10,0.48488
2015-06-11,0.48488
2015-06-12,0.48488
2015-06-15,0.48738
2015-06-16,0.48738
2015-06-17,0.48738
2015-06-18,0.48738
2015-06-19,0.48738
2015-06-22,0.48925
2015-06-23,0.48925
2015-06-24,0.4905
2015-06-25,0.49113
2015-06-26,0.49675
2015-06-29,0.49675
2015-06-30,0.49113
2015-07-01,0.48613
2015-07-02,0.48863
2015-07-03,0.48738
2015-07-06,0.48925
2015-07-07,0.48925
2015-07-08,0.48738
2015-07-09,0.48738
2015-07-10,0.48738
2015-07-13,0.48613
2015-07-14,0.48613
2015-07-15,0.48613
2015-07-16,0.48613
2015-07-17,0.48613
2015-07-20,0.48613
2015-07-21,0.48613
2015-07-22,0.48613
2015-07-23,0.48613
2015-07-24,0.48594
2015-07-27,0.48594
2015-07-28,0.48594
2015-07-29,0.48563
2015-07-30,0.48625
2015-07-31,0.48781
2015-08-03,0.48675
2015-08-04,0.48613
2015-08-05,0.48613
2015-08-06,0.48675
2015-08-07,0.48738
2015-08-10,0.48531
2015-08-11,0.48406
2015-08-12,0.48438
2015-08-13,0.485
2015-08-14,0.485
2015-08-17,0.485
2015-08-18,0.485
2015-08-19,0.4855
2015-08-20,0.4855
2015-08-21,0.48469
2015-08-24,0.48469
2015-08-25,0.48469
2015-08-26,0.485
2015-08-27,0.48956
2015-08-28,0.48925
2015-08-31,.
2015-09-01,0.48925
2015-09-02,0.4855
2015-09-03,0.4855
2015-09-04,0.48531
2015-09-07,0.4855
2015-09-08,0.4855
2015-09-09,0.4855
2015-09-10,0.4855
2015-09-11,0.4855
2015-09-14,0.4855
2015-09-15,0.4855
2015-09-16,0.4855
2015-09-17,0.48613
2015-09-18,0.48613
2015-09-21,0.48613
2015-09-22,0.48613
2015-09-23,0.4855
2015-09-24,0.48613
2015-09-25,0.48988
2015-09-28,0.48988
2015-09-29,0.48488
2015-09-30,0.48675
2015-10-01,0.48613
2015-10-02,0.48613
2015-10-05,0.48613
2015-10-06,0.48613
2015-10-07,0.48675
2015-10-08,0.48675
2015-10-09,0.485
2015-10-12,0.48563
2015-10-13,0.48563
2015-10-14,0.48675
2015-10-15,0.48656
2015-10-16,0.48625
2015-10-19,0.48625
2015-10-20,0.48656
2015-10-21,0.48625
2015-10-22,0.48656
2015-10-23,0.48563
2015-10-26,0.48563
2015-10-27,0.48531
2015-10-28,0.48563
2015-10-29,0.48563
2015-10-30,0.48531
2015-11-02,0.48656
2015-11-03,0.48656
2015-11-04,0.48675
2015-11-05,0.48675
2015-11-06,0.48594
2015-11-09,0.48594
2015-11-10,0.48594
2015-11-11,0.48625
2015-11-12,0.48625
2015-11-13,0.48594
2015-11-16,0.48594
2015-11-17,0.48594
2015-11-18,0.48563
2015-11-19,0.48563
2015-11-20,0.48531
2015-11-23,0.48531
2015-11-24,0.48531
2015-11-25,0.48563
2015-11-26,0.48563
2015-11-27,0.48594
2015-11-30,0.48563
2015-12-01,0.48563
2015-12-02,0.48563
2015-12-03,0.48563
2015-12-04,0.48531
2015-12-07,0.48469
2015-12-08,0.48438
2015-12-09,0.48438
2015-12-10,0.48438
2015-12-11,0.48469
2015-12-14,0.48438
2015-12-15,0.48438
2015-12-16,0.48469
2015-12-17,0.48719
2015-12-18,0.48438
2015-12-21,0.48438
2015-12-22,0.48469
2015-12-23,0.48469
2015-12-24,0.48531
2015-12-25,.
2015-12-28,.
2015-12-29,0.48219
2015-12-30,0.48175
2015-12-31,0.47406
2016-01-01,.
2016-01-04,0.485
2016-01-05,0.48344
2016-01-06,0.48394
2016-01-07,0.48425
2016-01-08,0.48425
2016-01-11,0.48488
2016-01-12,0.48488
2016-01-13,0.48488
2016-01-14,0.48613
2016-01-15,0.48738
2016-01-18,0.48688
2016-01-19,0.48719
2016-01-20,0.48688
2016-01-21,0.48563
2016-01-22,0.485
2016-01-25,0.485
2016-01-26,0.485
2016-01-27,0.485
2016-01-28,0.485
2016-01-29,0.48531
2016-02-01,0.48656
2016-02-02,0.48719
2016-02-03,0.48656
2016-02-04,0.48656
2016-02-05,0.48656
2016-02-08,0.48625
2016-02-09,0.48625
2016-02-10,0.48656
2016-02-11,0.48688
2016-02-12,0.48656
2016-02-15,0.48688
2016-02-16,0.48656
2016-02-17,0.48719
2016-02-18,0.488
2016-02-19,0.488
2016-02-22,0.4875
2016-02-23,0.4875
2016-02-24,0.488
2016-02-25,0.48781
2016-02-26,0.49188
2016-02-29,0.48781
2016-03-01,0.48625
2016-03-02,0.4875
2016-03-03,0.4875
2016-03-04,0.4875
2016-03-07,0.4875
2016-03-08,0.48781
2016-03-09,0.48863
2016-03-10,0.48894
2016-03-11,0.48863
2016-03-14,0.4875
2016-03-15,0.4875
2016-03-16,0.48813
2016-03-17,0.4875
2016-03-18,0.48781
2016-03-21,0.4875
2016-03-22,0.4875
2016-03-23,0.4875
2016-03-24,0.48781
2016-03-25,.
2016-03-28,.
2016-03-29,0.48706
2016-03-30,0.48706
2016-03-31,0.48581
2016-04-01,0.48813
2016-04-04,0.48719
2016-04-05,0.48719
2016-04-06,0.48813
2016-04-07,0.4875
2016-04-08,0.4875
2016-04-11,0.4875
2016-04-12,0.48719
2016-04-13,0.48688
2016-04-14,0.48688
2016-04-15,0.48625
2016-04-18,0.48625
2016-04-19,0.48656
2016-04-20,0.48656
2016-04-21,0.4875
2016-04-22,0.48719
2016-04-25,0.48688
2016-04-26,0.48719
2016-04-27,0.48688
2016-04-28,0.48719
2016-04-29,0.48563
2016-05-02,.
2016-05-03,0.48688
2016-05-04,0.48688
2016-05-05,0.48719
2016-05-06,0.48688
2016-05-09,0.48781
2016-05-10,0.4875
2016-05-11,0.4875
2016-05-12,0.48781
2016-05-13,0.48844
2016-05-16,0.48781
2016-05-17,0.48813
2016-05-18,0.488
2016-05-19,0.48856
2016-05-20,0.48813
2016-05-23,0.48781
2016-05-24,0.48881
2016-05-25,0.48881
2016-05-26,0.4875
2016-05-27,0.49394
2016-05-30,.
2016-05-31,0.49050
2016-06-01,0.48469
2016-06-02,0.485
2016-06-03,0.48594
2016-06-06,0.48906
2016-06-07,0.48688
2016-06-08,0.48656
2016-06-09,0.48688
2016-06-10,0.48656
2016-06-13,0.48625
2016-06-14,0.48625
2016-06-15,0.4875
2016-06-16,0.48563
2016-06-17,0.485
2016-06-20,0.48906
2016-06-21,0.48813
2016-06-22,0.48844
2016-06-23,0.49019
2016-06-24,0.48519
2016-06-27,0.48456
2016-06-28,0.48456
2016-06-29,0.48563
2016-06-30,0.48094
2016-07-01,0.48375
2016-07-04,0.48344
2016-07-05,0.48688
2016-07-06,0.48738
2016-07-07,0.48625
2016-07-08,0.47831
2016-07-11,0.45613
2016-07-12,0.44488
2016-07-13,0.43738
2016-07-14,0.41113
2016-07-15,0.49113
2016-07-18,0.488
2016-07-19,0.48925
2016-07-20,0.48925
2016-07-21,0.48925
2016-07-22,0.4855
2016-07-25,0.48563
2016-07-26,0.4855
2016-07-27,0.48425
2016-07-28,0.483
2016-07-29,0.46488
2016-08-01,0.42863
2016-08-02,0.40831
2016-08-03,0.38613
2016-08-04,0.35144
2016-08-05,0.253
2016-08-08,0.25063
2016-08-09,0.2475
2016-08-10,0.24688
2016-08-11,0.24688
2016-08-12,0.24688
2016-08-15,0.24188
2016-08-16,0.24188
2016-08-17,0.24156
2016-08-18,0.24219
2016-08-19,0.24219
2016-08-22,0.24219
2016-08-23,0.24219
2016-08-24,0.2425
2016-08-25,0.2425
2016-08-26,0.2445
2016-08-29,.
2016-08-30,0.24463
2016-08-31,0.24406
2016-09-01,0.245
2016-09-02,0.24419
2016-09-05,0.24188
2016-09-06,0.24538
2016-09-07,0.24288
2016-09-08,0.24469
2016-09-09,0.24469
2016-09-12,0.24313
2016-09-13,0.24313
2016-09-14,0.24213
2016-09-15,0.24681
2016-09-16,0.24563
2016-09-19,0.24438
2016-09-20,0.24438
2016-09-21,0.24444
2016-09-22,0.24469
2016-09-23,0.2445
2016-09-26,0.24306
2016-09-27,0.24294
2016-09-28,0.24243
2016-09-29,0.24463
2016-09-30,0.24588
2016-10-03,0.24275
2016-10-04,0.24369
2016-10-05,0.24431
2016-10-06,0.24806
2016-10-07,0.24994
2016-10-10,0.25056
2016-10-11,0.24831
2016-10-12,0.24888
2016-10-13,0.25044
2016-10-14,0.25106
2016-10-17,0.25075
2016-10-18,0.25075
2016-10-19,0.251
2016-10-20,0.251
2016-10-21,0.25106
2016-10-24,0.2505
2016-10-25,0.24775
2016-10-26,0.24669
2016-10-27,0.24669
2016-10-28,0.25338
2016-10-31,0.24681
2016-11-01,0.24531
2016-11-02,0.24713
2016-11-03,0.24838
2016-11-04,0.24556
2016-11-07,0.24631
2016-11-08,0.24494
2016-11-09,0.24469
2016-11-10,0.24556
2016-11-11,0.24519
2016-11-14,0.24713
2016-11-15,0.24744
2016-11-16,0.24556
2016-11-17,0.24681
2016-11-18,0.24769
2016-11-21,0.24744
2016-11-22,0.24744
2016-11-23,0.24419
2016-11-24,0.24306
2016-11-25,0.24694
2016-11-28,0.24575
2016-11-29,0.24713
2016-11-30,0.25119
2016-12-01,0.25119
2016-12-02,0.24488
2016-12-05,0.24431
2016-12-06,0.24588
2016-12-07,0.2465
2016-12-08,0.2465
2016-12-09,0.24056
2016-12-12,0.24025
2016-12-13,0.24138
2016-12-14,0.24044
2016-12-15,0.24031
2016-12-16,0.24031
2016-12-19,0.24063
2016-12-20,0.24188
2016-12-21,0.24094
2016-12-22,0.24031
2016-12-23,0.24
2016-12-26,.
2016-12-27,.
2016-12-28,0.23225
2016-12-29,0.23538
2016-12-30,0.23319
2017-01-02,.
2017-01-03,0.24063
2017-01-04,0.24881
2017-01-05,0.24731
2017-01-06,0.23844
2017-01-09,0.23906
2017-01-10,0.24031
2017-01-11,0.23656
2017-01-12,0.23856
2017-01-13,0.24
2017-01-16,0.24
2017-01-17,0.24
2017-01-18,0.2375
2017-01-19,0.23713
2017-01-20,0.23838
2017-01-23,0.23838
2017-01-24,0.23838
2017-01-25,0.23875
2017-01-26,0.24075
2017-01-27,0.245
2017-01-30,0.24656
2017-01-31,0.24656
2017-02-01,0.24688
2017-02-02,0.23919
2017-02-03,0.23906
2017-02-06,0.23906
2017-02-07,0.23938
2017-02-08,0.23906
2017-02-09,0.23906
2017-02-10,0.23856
2017-02-13,0.23781
2017-02-14,0.24156
2017-02-15,0.24031
2017-02-16,0.23906
2017-02-17,0.23875
2017-02-20,0.23875
2017-02-21,0.24
2017-02-22,0.23844
2017-02-23,0.23875
2017-02-24,0.23906
2017-02-27,0.24375
2017-02-28,0.24125
2017-03-01,0.23875
2017-03-02,0.23825
2017-03-03,0.23875
2017-03-06,0.24
2017-03-07,0.24
2017-03-08,0.23875
2017-03-09,0.2375
2017-03-10,0.2375
2017-03-13,0.23906
2017-03-14,0.23906
2017-03-15,0.23906
2017-03-16,0.23781
2017-03-17,0.2375
2017-03-20,0.23781
2017-03-21,0.23781
2017-03-22,0.23781
2017-03-23,0.23781
2017-03-24,0.2375
2017-03-27,0.235
2017-03-28,0.23469
2017-03-29,0.23656
2017-03-30,0.23563
2017-03-31,0.23594
2017-04-03,0.23719
2017-04-04,0.23875
2017-04-05,0.24
2017-04-06,0.23781
2017-04-07,0.23719
2017-04-10,0.23688
2017-04-11,0.23688
2017-04-12,0.23688
2017-04-13,0.23563
2017-04-14,.
2017-04-17,.
2017-04-18,0.23688
2017-04-19,0.23781
2017-04-20,0.23875
2017-04-21,0.23875
2017-04-24,0.23844
2017-04-25,0.23688
2017-04-26,0.23844
2017-04-27,0.23656
2017-04-28,0.23688
2017-05-01,.
2017-05-02,0.24238
2017-05-03,0.24238
2017-05-04,0.23688
2017-05-05,0.23719
2017-05-08,0.23719
2017-05-09,0.23719
2017-05-10,0.23688
2017-05-11,0.23656
2017-05-12,0.23688
2017-05-15,0.23688
2017-05-16,0.23688
2017-05-17,0.2375
2017-05-18,0.23688
2017-05-19,0.23688
2017-05-22,0.23688
2017-05-23,0.23719
2017-05-24,0.23719
2017-05-25,0.23688
2017-05-26,0.23675
2017-05-29,.
2017-05-30,0.24113
2017-05-31,0.23675
2017-06-01,0.23688
2017-06-02,0.23688
2017-06-05,0.23688
2017-06-06,0.23563
2017-06-07,0.23563
2017-06-08,0.23706
2017-06-09,0.23719
2017-06-12,0.23844
2017-06-13,0.23813
2017-06-14,0.23594
2017-06-15,0.2365
2017-06-16,0.2365
2017-06-19,0.2365
2017-06-20,0.23713
2017-06-21,0.23638
2017-06-22,0.2365
2017-06-23,0.23638
2017-06-26,0.23888
2017-06-27,0.23819
2017-06-28,0.23656
2017-06-29,0.23694
2017-06-30,0.23613
2017-07-03,0.23438
2017-07-04,0.23825
2017-07-05,0.23594
2017-07-06,0.23706
2017-07-07,0.23625
2017-07-10,0.23688
2017-07-11,0.23781
2017-07-12,0.2375
2017-07-13,0.238
2017-07-14,0.23775
2017-07-17,0.23813
2017-07-18,0.23813
2017-07-19,0.23781
2017-07-20,0.23781
2017-07-21,0.23831
2017-07-24,0.23925
2017-07-25,0.23781
2017-07-26,0.24094
2017-07-27,0.23781
2017-07-28,0.23781
2017-07-31,0.24281
2017-08-01,0.23825
2017-08-02,0.243
2017-08-03,0.24113
2017-08-04,0.23813
2017-08-07,0.23594
2017-08-08,0.23719
2017-08-09,0.23656
2017-08-10,0.23813
2017-08-11,0.23806
2017-08-14,0.23931
2017-08-15,0.23844
2017-08-16,0.23719
2017-08-17,0.23719
2017-08-18,0.23656
2017-08-21,0.23719
2017-08-22,0.23594
2017-08-23,0.23594
2017-08-24,0.23719
2017-08-25,0.23694
2017-08-28,.
2017-08-29,0.23531
2017-08-30,0.23531
2017-08-31,0.23625
2017-09-01,0.23563
2017-09-04,0.23594
2017-09-05,0.23531
2017-09-06,0.23625
2017-09-07,0.23656
2017-09-08,0.23706
2017-09-11,0.24
2017-09-12,0.23775
2017-09-13,0.23781
2017-09-14,0.238
2017-09-15,0.23625
2017-09-18,0.23719
2017-09-19,0.2375
2017-09-20,0.23625
2017-09-21,0.23625
2017-09-22,0.23656
2017-09-25,0.23938
2017-09-26,0.23938
2017-09-27,0.24
2017-09-28,0.23719
2017-09-29,0.2375
2017-10-02,0.23625
2017-10-03,0.24031
2017-10-04,0.23925
2017-10-05,0.23688
2017-10-06,0.23656
2017-10-09,0.23688
2017-10-10,0.23813
2017-10-11,0.23688
2017-10-12,0.23688
2017-10-13,0.23688
2017-10-16,0.2375
2017-10-17,0.2375
2017-10-18,0.23688
2017-10-19,0.23375
2017-10-20,0.23413
2017-10-23,0.23406
2017-10-24,0.2345
2017-10-25,0.23944
2017-10-26,0.23738
2017-10-27,0.25649
2017-10-30,0.31913
2017-10-31,0.34738
2017-11-01,0.38175
2017-11-02,0.42313
2017-11-03,0.4825
2017-11-06,0.4825
2017-11-07,0.48094
2017-11-08,0.48231
2017-11-09,0.48063
2017-11-10,0.48081
2017-11-13,0.48144
2017-11-14,0.48119
2017-11-15,0.483
2017-11-16,0.48125
2017-11-17,0.48169
2017-11-20,0.48219
2017-11-21,0.4825
2017-11-22,0.48219
2017-11-23,0.48119
2017-11-24,0.48138
2017-11-27,0.483
2017-11-28,0.48581
2017-11-29,0.48556
2017-11-30,0.48188
2017-12-01,0.48244
2017-12-04,0.483
2017-12-05,0.48438
2017-12-06,0.48219
2017-12-07,0.48194
2017-12-08,0.4825
2017-12-11,0.48506
2017-12-12,0.48494
2017-12-13,0.48369
2017-12-14,0.48175
2017-12-15,0.48175
2017-12-18,0.48031
2017-12-19,0.48319
2017-12-20,0.48438
2017-12-21,0.483
2017-12-22,0.48269
2017-12-25,.
2017-12-26,.
2017-12-27,0.48231
2017-12-28,0.47975
2017-12-29,0.48006
2018-01-01,.
2018-01-02,0.48088
2018-01-03,0.48094
2018-01-04,0.47981
2018-01-05,0.48138
2018-01-08,0.48363
2018-01-09,0.48513
2018-01-10,0.48513
2018-01-11,0.48063
2018-01-12,0.48181
2018-01-15,0.48419
2018-01-16,0.48338
2018-01-17,0.48525
2018-01-18,0.48206
2018-01-19,0.48488
2018-01-22,0.48188
2018-01-23,0.48206
2018-01-24,0.48619
2018-01-25,0.48244
2018-01-26,0.48325
2018-01-29,0.48963
2018-01-30,0.488
2018-01-31,0.48663
2018-02-01,0.48931
2018-02-02,0.48813
2018-02-05,0.48379
2018-02-06,0.4855
2018-02-07,0.483
2018-02-08,0.48375
2018-02-09,0.4825
2018-02-12,0.48263
2018-02-13,0.48263
2018-02-14,0.48263
2018-02-15,0.48288
2018-02-16,0.48331
2018-02-19,0.48325
2018-02-20,0.48594
2018-02-21,0.4825
2018-02-22,0.487
2018-02-23,0.48688
2018-02-26,0.49019
2018-02-27,0.49119
2018-02-28,0.48875
2018-03-01,0.48863
2018-03-02,0.48919
2018-03-05,0.4845
2018-03-06,0.48325
2018-03-07,0.487
2018-03-08,0.487
2018-03-09,0.48825
2018-03-12,0.487
2018-03-13,0.48575
2018-03-14,0.48694
2018-03-15,0.487
2018-03-16,0.48838
2018-03-19,0.48966
2018-03-20,0.48863
2018-03-21,0.49006
2018-03-22,0.49113
2018-03-23,0.48344
2018-03-26,0.48344
2018-03-27,0.48781
2018-03-28,0.48794
2018-03-29,0.48919
2018-03-30,.
2018-04-02,.
2018-04-03,0.48669
2018-04-04,0.48481
2018-04-05,0.48388
2018-04-06,0.48594
2018-04-09,0.48794
2018-04-10,0.48606
2018-04-11,0.48763
2018-04-12,0.48719
2018-04-13,0.48919
2018-04-16,0.48763
2018-04-17,0.4845
2018-04-18,0.48481
2018-04-19,0.48719
2018-04-20,0.48575
2018-04-23,0.482
2018-04-24,0.48763
2018-04-25,0.49013
2018-04-26,0.48994
2018-04-27,0.4885
2018-04-30,0.49038
2018-05-01,0.48913
2018-05-02,0.48725
2018-05-03,0.48694
2018-05-04,0.48444
2018-05-07,.
2018-05-08,0.49296
2018-05-09,0.49488
2018-05-10,0.4905
2018-05-11,0.48288
2018-05-14,0.48381
2018-05-15,0.48538
2018-05-16,0.48413
2018-05-17,0.48319
2018-05-18,0.48319
2018-05-21,0.48381
2018-05-22,0.48506
2018-05-23,0.48256
2018-05-24,0.4835
2018-05-25,0.4835
2018-05-28,.
2018-05-29,0.48631
2018-05-30,0.48756
2018-05-31,0.48944
2018-06-01,0.48694
2018-06-04,0.48631
2018-06-05,0.48381
2018-06-06,0.48631
2018-06-07,0.48506
2018-06-08,0.48506
2018-06-11,0.48506
2018-06-12,0.48663
2018-06-13,0.48756
2018-06-14,0.49006
2018-06-15,0.49006
2018-06-18,0.49225
2018-06-19,0.48725
2018-06-20,0.49006
2018-06-21,0.48975
2018-06-22,0.48344
2018-06-25,0.48219
2018-06-26,0.48363
2018-06-27,0.48313
2018-06-28,0.48313
2018-06-29,0.48094
2018-07-02,0.48113
2018-07-03,0.478
2018-07-04,0.47738
2018-07-05,0.47863
2018-07-06,0.47863
2018-07-09,0.47863
2018-07-10,0.48113
2018-07-11,0.48175
2018-07-12,0.4805
2018-07-13,0.4805
2018-07-16,0.4765
2018-07-17,0.47638
2018-07-18,0.47638
2018-07-19,0.47625
2018-07-20,0.47638
2018-07-23,0.47663
2018-07-24,0.47788
2018-07-25,0.47806
2018-07-26,0.47675
2018-07-27,0.50081
2018-07-30,0.57838
2018-07-31,0.62238
2018-08-01,0.65625
2018-08-02,0.68638
2018-08-03,0.713
2018-08-06,0.71338
2018-08-07,0.71025
2018-08-08,0.70975
2018-08-09,0.7085
2018-08-10,0.71113
2018-08-13,0.71113
2018-08-14,0.70975
2018-08-15,0.70963
2018-08-16,0.70838
2018-08-17,0.70838
2018-08-20,0.71088
2018-08-21,0.711
2018-08-22,0.71013
2018-08-23,0.70988
2018-08-24,0.71113
2018-08-27,.
2018-08-28,0.71506
2018-08-29,0.71506
2018-08-30,0.71375
2018-08-31,0.70875
2018-09-03,0.71013
2018-09-04,0.70988
2018-09-05,0.71125
2018-09-06,0.71
2018-09-07,0.71375
2018-09-10,0.71213
2018-09-11,0.71338
2018-09-12,0.71288
2018-09-13,0.71038
2018-09-14,0.71638
2018-09-17,0.71638
2018-09-18,0.71563
2018-09-19,0.71438
2018-09-20,0.71038
2018-09-21,0.71388
2018-09-24,0.714
2018-09-25,0.71513
2018-09-26,0.71438
2018-09-27,0.7135
2018-09-28,0.71369
2018-10-01,0.712
2018-10-02,0.712
2018-10-03,0.7095
2018-10-04,0.706
2018-10-05,0.70638
2018-10-08,0.70575
2018-10-09,0.70638
2018-10-10,0.70613
2018-10-11,0.7055
2018-10-12,0.70638
2018-10-15,0.705
2018-10-16,0.70675
2018-10-17,0.70638
2018-10-18,0.70725
2018-10-19,0.70688
2018-10-22,0.70738
2018-10-23,0.70725
2018-10-24,0.706
2018-10-25,0.7055
2018-10-26,0.70838
2018-10-29,0.70875
2018-10-30,0.70975
2018-10-31,0.7105
2018-11-01,0.71663
2018-11-02,0.70913
2018-11-05,0.7135
2018-11-06,0.71375
2018-11-07,0.7125
2018-11-08,0.71575
2018-11-09,0.70838
2018-11-12,0.70925
2018-11-13,0.71213
2018-11-14,0.71025
2018-11-15,0.70813
2018-11-16,0.71088
2018-11-19,0.71325
2018-11-20,0.71288
2018-11-21,0.71325
2018-11-22,0.70975
2018-11-23,0.71225
2018-11-26,0.71088
2018-11-27,0.71063
2018-11-28,0.71088
2018-11-29,0.70825
2018-11-30,0.70763
2018-12-03,0.70675
2018-12-04,0.71075
2018-12-05,0.7105
2018-12-06,0.708
2018-12-07,0.70825
2018-12-10,0.71188
2018-12-11,0.703
2018-12-12,0.704
2018-12-13,0.704
2018-12-14,0.708
2018-12-17,0.70738
2018-12-18,0.70763
2018-12-19,0.70513
2018-12-20,0.70288
2018-12-21,0.706
2018-12-24,0.70575
2018-12-25,.
2018-12-26,.
2018-12-27,0.70663
2018-12-28,0.705
2018-12-31,0.70325
2019-01-01,.
2019-01-02,0.70613
2019-01-03,0.7005
2019-01-04,0.70425
2019-01-07,0.70625
2019-01-08,0.70288
2019-01-09,0.70113
2019-01-10,0.69775
2019-01-11,0.69788
2019-01-14,0.69663
2019-01-15,0.69913
2019-01-16,0.70113
2019-01-17,0.70188
2019-01-18,0.70313
2019-01-21,0.70325
2019-01-22,0.70063
2019-01-23,0.70125
2019-01-24,0.7035
2019-01-25,0.703
2019-01-28,0.70488
2019-01-29,0.70475
2019-01-30,0.70463
2019-01-31,0.70213
2019-02-01,0.70075
2019-02-04,0.70038
2019-02-05,0.69625
2019-02-06,0.70225
2019-02-07,0.69538
2019-02-08,0.69875
2019-02-11,0.69925
2019-02-12,0.70088
2019-02-13,0.698
2019-02-14,0.6985
2019-02-15,0.69663
2019-02-18,0.6975
2019-02-19,0.69638
2019-02-20,0.6975
2019-02-21,0.69888
2019-02-22,0.69563
2019-02-25,0.69775
2019-02-26,0.699
2019-02-27,0.69525
2019-02-28,0.69738
2019-03-01,0.69663
2019-03-04,0.69663
2019-03-05,0.69675
2019-03-06,0.69788
2019-03-07,0.69588
2019-03-08,0.6965
2019-03-11,0.69713
2019-03-12,0.6975
2019-03-13,0.69538
2019-03-14,0.69463
2019-03-15,0.69488
2019-03-18,0.69563
2019-03-19,0.69725
2019-03-20,0.696
2019-03-21,0.69457
2019-03-22,0.691
2019-03-25,0.69013
2019-03-26,0.69838
2019-03-27,0.69675
2019-03-28,0.69288
2019-03-29,0.69313
2019-04-01,0.69338
2019-04-02,0.693
2019-04-03,0.69638
2019-04-04,0.69863
2019-04-05,0.69738
2019-04-08,0.69338
2019-04-09,0.69313
2019-04-10,0.69375
2019-04-11,0.69438
2019-04-12,0.69125
2019-04-15,0.69025
2019-04-16,0.6935
2019-04-17,0.69363
2019-04-18,0.6935
2019-04-19,.
2019-04-22,.
2019-04-23,0.69788
2019-04-24,0.69813
2019-04-25,0.69725
2019-04-26,0.69688
2019-04-29,0.69863
2019-04-30,0.69925
2019-05-01,0.702
2019-05-02,0.7005
2019-05-03,0.696
2019-05-06,.
2019-05-07,0.693
2019-05-08,0.69825
2019-05-09,0.70213
2019-05-10,0.69225
2019-05-13,0.69675
2019-05-14,0.69925
2019-05-15,0.69938
2019-05-16,0.697
2019-05-17,0.70138
2019-05-20,0.69975
2019-05-21,0.69913
2019-05-22,0.6965
2019-05-23,0.70113
2019-05-24,0.69888
2019-05-27,.
2019-05-28,0.698
2019-05-29,0.7005
2019-05-30,0.7005
2019-05-31,0.70075
2019-06-03,0.70025
2019-06-04,0.6955
2019-06-05,0.69638
2019-06-06,0.698
2019-06-07,0.69988
2019-06-10,0.69288
2019-06-11,0.69288
2019-06-12,0.68975
2019-06-13,0.69325
2019-06-14,0.6985
2019-06-17,0.68988
2019-06-18,0.68888
2019-06-19,0.69125
2019-06-20,0.69275
2019-06-21,0.69375
2019-06-24,0.69
2019-06-25,0.69513
2019-06-26,0.68938
2019-06-27,0.69375
2019-06-28,0.68638
2019-07-01,0.69225
2019-07-02,0.68775
2019-07-03,0.68413
2019-07-04,0.68625
2019-07-05,0.67638
2019-07-08,0.69375
2019-07-09,0.69463
2019-07-10,0.68475
2019-07-11,0.68613
2019-07-12,0.6945
2019-07-15,0.684
2019-07-16,0.6885
2019-07-17,0.68725
2019-07-18,0.68625
2019-07-19,0.69325
2019-07-22,0.69463
2019-07-23,0.69425
2019-07-24,0.69538
2019-07-25,0.68563
2019-07-26,0.69475
2019-07-29,0.68663
2019-07-30,0.68238
2019-07-31,0.68638
2019-08-01,0.68488
2019-08-02,0.69413
2019-08-05,0.6875
2019-08-06,0.68938
2019-08-07,0.69113
2019-08-08,0.68838
2019-08-09,0.68813
2019-08-12,0.693
2019-08-13,0.69325
2019-08-14,0.68988
2019-08-15,0.68663
2019-08-16,0.68475
2019-08-19,0.69313
2019-08-20,0.693
2019-08-21,0.68775
2019-08-22,0.68575
2019-08-23,0.68438
2019-08-26,.
2019-08-27,0.6945
2019-08-28,0.69475
2019-08-29,0.68388
2019-08-30,0.6875
2019-09-02,0.6935
2019-09-03,0.68663
2019-09-04,0.68863
2019-09-05,0.68625
2019-09-06,0.68663
2019-09-09,0.6915
2019-09-10,0.68588
2019-09-11,0.68888
2019-09-12,0.68863
2019-09-13,0.68825
2019-09-16,0.69013
2019-09-17,0.69375
2019-09-18,0.69688
2019-09-19,0.696
2019-09-20,0.69525
2019-09-23,0.69038
2019-09-24,0.69775
2019-09-25,0.69963
2019-09-26,0.69888
2019-09-27,0.69213
2019-09-30,0.69813
2019-10-01,0.69338
2019-10-02,0.6905
2019-10-03,0.692
2019-10-04,0.69075
2019-10-07,0.69538
2019-10-08,0.68963
2019-10-09,0.69263
2019-10-10,0.69488
2019-10-11,0.69263
2019-10-14,0.68975
2019-10-15,0.69475
2019-10-16,0.69188
2019-10-17,0.69263
2019-10-18,0.69463
2019-10-21,0.6905
2019-10-22,0.692
2019-10-23,0.69013
2019-10-24,0.68738
2019-10-25,0.69338
2019-10-28,0.69563
2019-10-29,0.69863
2019-10-30,0.69838
2019-10-31,0.69375
2019-11-01,0.69238
2019-11-04,0.68963
2019-11-05,0.68888
2019-11-06,0.69125
2019-11-07,0.68938
2019-11-08,0.69013
2019-11-11,0.68988
2019-11-12,0.69063
2019-11-13,0.69213
2019-11-14,0.68663
2019-11-15,0.69238
2019-11-18,0.69463
2019-11-19,0.6935
2019-11-20,0.69188
2019-11-21,0.69125
2019-11-22,0.69288
2019-11-25,0.6895
2019-11-26,0.69513
2019-11-27,0.69163
2019-11-28,0.6915
2019-11-29,0.68663
2019-12-02,0.68838
2019-12-03,0.68875
2019-12-04,0.68813
2019-12-05,0.68888
2019-12-06,0.69975
2019-12-09,0.69688
2019-12-10,0.69463
2019-12-11,0.69425
2019-12-12,0.69013
2019-12-13,0.69163
2019-12-16,0.69475
2019-12-17,0.69375
2019-12-18,0.69238
2019-12-19,0.69275
2019-12-20,0.69713
2019-12-23,0.69388
2019-12-24,0.698
2019-12-25,.
2019-12-26,.
2019-12-27,0.70125
2019-12-30,0.69513
2019-12-31,0.6955
2020-01-01,.
2020-01-02,0.69275
2020-01-03,0.69613
2020-01-06,0.69225
2020-01-07,0.69388
2020-01-08,0.68875
2020-01-09,0.68463
2020-01-10,0.69375
2020-01-13,0.69363
2020-01-14,0.69913
2020-01-15,0.68538
2020-01-16,0.69075
2020-01-17,0.69525
2020-01-20,0.69538
2020-01-21,0.68688
2020-01-22,0.676
2020-01-23,0.68338
2020-01-24,0.66925
2020-01-27,0.629
2020-01-28,0.61025
2020-01-29,0.59975
2020-01-30,0.58338
2020-01-31,0.682
2020-02-03,0.68363
2020-02-04,0.67613
2020-02-05,0.67875
2020-02-06,0.6865
2020-02-07,0.68613
2020-02-10,0.689
2020-02-11,0.68963
2020-02-12,0.6885
2020-02-13,0.6925
