DATE,GBP2MTD156N
2015-01-02,0.52713
2015-01-05,0.52713
2015-01-06,0.52963
2015-01-07,0.52963
2015-01-08,0.52963
2015-01-09,0.52963
2015-01-12,0.52963
2015-01-13,0.529
2015-01-14,0.529
2015-01-15,0.529
2015-01-16,0.5265
2015-01-19,0.529
2015-01-20,0.52775
2015-01-21,0.52588
2015-01-22,0.52431
2015-01-23,0.52963
2015-01-26,0.53188
2015-01-27,0.529
2015-01-28,0.53088
2015-01-29,0.52963
2015-01-30,0.52963
2015-02-02,0.52963
2015-02-03,0.53369
2015-02-04,0.53463
2015-02-05,0.53338
2015-02-06,0.531
2015-02-09,0.52975
2015-02-10,0.52888
2015-02-11,0.52825
2015-02-12,0.52838
2015-02-13,0.52963
2015-02-16,0.53213
2015-02-17,0.53213
2015-02-18,0.5315
2015-02-19,0.53525
2015-02-20,0.534
2015-02-23,0.53525
2015-02-24,0.5315
2015-02-25,0.53275
2015-02-26,0.53275
2015-02-27,0.5315
2015-03-02,0.53119
2015-03-03,0.5315
2015-03-04,0.53431
2015-03-05,0.53494
2015-03-06,0.5315
2015-03-09,0.53181
2015-03-10,0.53463
2015-03-11,0.5315
2015-03-12,0.53525
2015-03-13,0.53525
2015-03-16,0.534
2015-03-17,0.53713
2015-03-18,0.53275
2015-03-19,0.53575
2015-03-20,0.53575
2015-03-23,0.5345
2015-03-24,0.5345
2015-03-25,0.53513
2015-03-26,0.53763
2015-03-27,0.538
2015-03-30,0.5425
2015-03-31,0.5425
2015-04-01,0.54088
2015-04-02,0.5405
2015-04-03,.
2015-04-06,.
2015-04-07,0.54063
2015-04-08,0.54425
2015-04-09,0.54388
2015-04-10,0.54338
2015-04-13,0.54213
2015-04-14,0.54275
2015-04-15,0.54275
2015-04-16,0.54025
2015-04-17,0.539
2015-04-20,0.53788
2015-04-21,0.54088
2015-04-22,0.54138
2015-04-23,0.54138
2015-04-24,0.54
2015-04-27,0.53838
2015-04-28,0.53838
2015-04-29,0.53838
2015-04-30,0.53838
2015-05-01,0.53838
2015-05-04,.
2015-05-05,0.53613
2015-05-06,0.53613
2015-05-07,0.536
2015-05-08,0.53738
2015-05-11,0.53738
2015-05-12,0.53738
2015-05-13,0.53538
2015-05-14,0.53538
2015-05-15,0.53538
2015-05-18,0.53538
2015-05-19,0.54063
2015-05-20,0.54063
2015-05-21,0.541
2015-05-22,0.541
2015-05-25,.
2015-05-26,0.53938
2015-05-27,0.541
2015-05-28,0.54113
2015-05-29,0.53863
2015-06-01,0.53738
2015-06-02,0.5365
2015-06-03,0.53663
2015-06-04,0.53713
2015-06-05,0.53388
2015-06-08,0.53475
2015-06-09,0.53388
2015-06-10,0.53513
2015-06-11,0.53513
2015-06-12,0.53638
2015-06-15,0.53638
2015-06-16,0.53763
2015-06-17,0.5395
2015-06-18,0.5395
2015-06-19,0.5395
2015-06-22,0.54125
2015-06-23,0.54125
2015-06-24,0.54281
2015-06-25,0.54231
2015-06-26,0.54688
2015-06-29,0.54688
2015-06-30,0.54563
2015-07-01,0.54125
2015-07-02,0.54125
2015-07-03,0.54013
2015-07-06,0.54013
2015-07-07,0.539
2015-07-08,0.53856
2015-07-09,0.54313
2015-07-10,0.54156
2015-07-13,0.54156
2015-07-14,0.54156
2015-07-15,0.54319
2015-07-16,0.54788
2015-07-17,0.54538
2015-07-20,0.54413
2015-07-21,0.54631
2015-07-22,0.54456
2015-07-23,0.54481
2015-07-24,0.54356
2015-07-27,0.54356
2015-07-28,0.54294
2015-07-29,0.54125
2015-07-30,0.5425
2015-07-31,0.54125
2015-08-03,0.54125
2015-08-04,0.54156
2015-08-05,0.54106
2015-08-06,0.54094
2015-08-07,0.5375
2015-08-10,0.537
2015-08-11,0.54263
2015-08-12,0.54263
2015-08-13,0.54513
2015-08-14,0.54263
2015-08-17,0.54313
2015-08-18,0.54313
2015-08-19,0.54313
2015-08-20,0.54188
2015-08-21,0.54188
2015-08-24,0.54475
2015-08-25,0.54475
2015-08-26,0.54475
2015-08-27,0.54725
2015-08-28,0.54663
2015-08-31,.
2015-09-01,0.54588
2015-09-02,0.54338
2015-09-03,0.5465
2015-09-04,0.54525
2015-09-07,0.5415
2015-09-08,0.54063
2015-09-09,0.54063
2015-09-10,0.5395
2015-09-11,0.53888
2015-09-14,0.53888
2015-09-15,0.54013
2015-09-16,0.542
2015-09-17,0.54075
2015-09-18,0.5395
2015-09-21,0.53888
2015-09-22,0.53888
2015-09-23,0.54013
2015-09-24,0.5455
2015-09-25,0.54175
2015-09-28,0.538
2015-09-29,0.53925
2015-09-30,0.538
2015-10-01,0.53925
2015-10-02,0.538
2015-10-05,0.538
2015-10-06,0.538
2015-10-07,0.538
2015-10-08,0.538
2015-10-09,0.53925
2015-10-12,0.53975
2015-10-13,0.53975
2015-10-14,0.5385
2015-10-15,0.5385
2015-10-16,0.5385
2015-10-19,0.5385
2015-10-20,0.53913
2015-10-21,0.53913
2015-10-22,0.53913
2015-10-23,0.53788
2015-10-26,0.53688
2015-10-27,0.53813
2015-10-28,0.54063
2015-10-29,0.54063
2015-10-30,0.53688
2015-11-02,0.5375
2015-11-03,0.53713
2015-11-04,0.53744
2015-11-05,0.53713
2015-11-06,0.5365
2015-11-09,0.5365
2015-11-10,0.53688
2015-11-11,0.53688
2015-11-12,0.53688
2015-11-13,0.53688
2015-11-16,0.53563
2015-11-17,0.5345
2015-11-18,0.53688
2015-11-19,0.53575
2015-11-20,0.53575
2015-11-23,0.53613
2015-11-24,0.53613
2015-11-25,0.53613
2015-11-26,0.53613
2015-11-27,0.53613
2015-11-30,0.53688
2015-12-01,0.53688
2015-12-02,0.53713
2015-12-03,0.53813
2015-12-04,0.539
2015-12-07,0.53975
2015-12-08,0.53963
2015-12-09,0.53988
2015-12-10,0.54238
2015-12-11,0.543
2015-12-14,0.54125
2015-12-15,0.54188
2015-12-16,0.53969
2015-12-17,0.54231
2015-12-18,0.54044
2015-12-21,0.54138
2015-12-22,0.54169
2015-12-23,0.54188
2015-12-24,0.54181
2015-12-25,.
2015-12-28,.
2015-12-29,0.54419
2015-12-30,0.54813
2015-12-31,0.54688
2016-01-01,.
2016-01-04,0.54438
2016-01-05,0.54625
2016-01-06,0.5475
2016-01-07,0.54763
2016-01-08,0.54888
2016-01-11,0.54888
2016-01-12,0.54888
2016-01-13,0.54763
2016-01-14,0.54888
2016-01-15,0.54763
2016-01-18,0.54763
2016-01-19,0.547
2016-01-20,0.547
2016-01-21,0.54688
2016-01-22,0.54813
2016-01-25,0.54688
2016-01-26,0.54688
2016-01-27,0.54938
2016-01-28,0.55063
2016-01-29,0.54938
2016-02-01,0.55063
2016-02-02,0.55188
2016-02-03,0.54813
2016-02-04,0.54813
2016-02-05,0.54938
2016-02-08,0.54813
2016-02-09,0.54688
2016-02-10,0.54688
2016-02-11,0.54688
2016-02-12,0.54813
2016-02-15,0.54688
2016-02-16,0.54813
2016-02-17,0.54938
2016-02-18,0.54813
2016-02-19,0.54938
2016-02-22,0.54938
2016-02-23,0.55
2016-02-24,0.55
2016-02-25,0.55
2016-02-26,0.54719
2016-02-29,0.5475
2016-03-01,0.54625
2016-03-02,0.54625
2016-03-03,0.5475
2016-03-04,0.5475
2016-03-07,0.5475
2016-03-08,0.54594
2016-03-09,0.54969
2016-03-10,0.54875
2016-03-11,0.54656
2016-03-14,0.54563
2016-03-15,0.54656
2016-03-16,0.54656
2016-03-17,0.54744
2016-03-18,0.54681
2016-03-21,0.5465
2016-03-22,0.54619
2016-03-23,0.54531
2016-03-24,0.54906
2016-03-25,.
2016-03-28,.
2016-03-29,0.55019
2016-03-30,0.55019
2016-03-31,0.54869
2016-04-01,0.54775
2016-04-04,0.55
2016-04-05,0.54963
2016-04-06,0.545
2016-04-07,0.54563
2016-04-08,0.54625
2016-04-11,0.545
2016-04-12,0.54769
2016-04-13,0.54894
2016-04-14,0.55013
2016-04-15,0.54981
2016-04-18,0.54494
2016-04-19,0.54494
2016-04-20,0.54619
2016-04-21,0.54744
2016-04-22,0.55144
2016-04-25,0.5545
2016-04-26,0.552
2016-04-27,0.54825
2016-04-28,0.54825
2016-04-29,0.54825
2016-05-02,.
2016-05-03,0.54675
2016-05-04,0.55375
2016-05-05,0.55425
2016-05-06,0.55269
2016-05-09,0.55269
2016-05-10,0.55306
2016-05-11,0.55394
2016-05-12,0.55425
2016-05-13,0.55088
2016-05-16,0.54931
2016-05-17,0.54931
2016-05-18,0.54963
2016-05-19,0.55431
2016-05-20,0.55025
2016-05-23,0.54994
2016-05-24,0.54994
2016-05-25,0.54994
2016-05-26,0.5515
2016-05-27,0.54963
2016-05-30,.
2016-05-31,0.54769
2016-06-01,0.54613
2016-06-02,0.5465
2016-06-03,0.54869
2016-06-06,0.5425
2016-06-07,0.54369
2016-06-08,0.53931
2016-06-09,0.54431
2016-06-10,0.53931
2016-06-13,0.53919
2016-06-14,0.53919
2016-06-15,0.53606
2016-06-16,0.53481
2016-06-17,0.537
2016-06-20,0.5395
2016-06-21,0.53919
2016-06-22,0.53731
2016-06-23,0.542
2016-06-24,0.52488
2016-06-27,0.51988
2016-06-28,0.52363
2016-06-29,0.53175
2016-06-30,0.52988
2016-07-01,0.50525
2016-07-04,0.50088
2016-07-05,0.4965
2016-07-06,0.49775
2016-07-07,0.4915
2016-07-08,0.4915
2016-07-11,0.4725
2016-07-12,0.47025
2016-07-13,0.46744
2016-07-14,0.45963
2016-07-15,0.509
2016-07-18,0.505
2016-07-19,0.50388
2016-07-20,0.50388
2016-07-21,0.50413
2016-07-22,0.50038
2016-07-25,0.49725
2016-07-26,0.48625
2016-07-27,0.482
2016-07-28,0.46963
2016-07-29,0.46056
2016-08-01,0.45525
2016-08-02,0.45513
2016-08-03,0.44731
2016-08-04,0.43469
2016-08-05,0.36213
2016-08-08,0.35006
2016-08-09,0.34006
2016-08-10,0.336
2016-08-11,0.3385
2016-08-12,0.33475
2016-08-15,0.33225
2016-08-16,0.33438
2016-08-17,0.3335
2016-08-18,0.33881
2016-08-19,0.33631
2016-08-22,0.33419
2016-08-23,0.33169
2016-08-24,0.33263
2016-08-25,0.33263
2016-08-26,0.33794
2016-08-29,.
2016-08-30,0.33856
2016-08-31,0.33856
2016-09-01,0.33763
2016-09-02,0.33675
2016-09-05,0.336
2016-09-06,0.32888
2016-09-07,0.3285
2016-09-08,0.32569
2016-09-09,0.32694
2016-09-12,0.32569
2016-09-13,0.32538
2016-09-14,0.32631
2016-09-15,0.33006
2016-09-16,0.32475
2016-09-19,0.3235
2016-09-20,0.326
2016-09-21,0.32506
2016-09-22,0.32425
2016-09-23,0.32444
2016-09-26,0.32413
2016-09-27,0.32288
2016-09-28,0.32314
2016-09-29,0.32588
2016-09-30,0.3285
2016-10-03,0.3285
2016-10-04,0.3285
2016-10-05,0.3285
2016-10-06,0.32963
2016-10-07,0.32963
2016-10-10,0.33138
2016-10-11,0.33175
2016-10-12,0.33175
2016-10-13,0.333
2016-10-14,0.33425
2016-10-17,0.33263
2016-10-18,0.33313
2016-10-19,0.33538
2016-10-20,0.33288
2016-10-21,0.33263
2016-10-24,0.332
2016-10-25,0.33138
2016-10-26,0.33075
2016-10-27,0.3335
2016-10-28,0.3335
2016-10-31,0.33288
2016-11-01,0.33163
2016-11-02,0.32888
2016-11-03,0.32863
2016-11-04,0.33238
2016-11-07,0.333
2016-11-08,0.33138
2016-11-09,0.33175
2016-11-10,0.33063
2016-11-11,0.33213
2016-11-14,0.32881
2016-11-15,0.32931
2016-11-16,0.33119
2016-11-17,0.33019
2016-11-18,0.33056
2016-11-21,0.32775
2016-11-22,0.32588
2016-11-23,0.32713
2016-11-24,0.32588
2016-11-25,0.32588
2016-11-28,0.32463
2016-11-29,0.32563
2016-11-30,0.32438
2016-12-01,0.325
2016-12-02,0.32438
2016-12-05,0.32438
2016-12-06,0.32625
2016-12-07,0.32625
2016-12-08,0.32563
2016-12-09,0.32563
2016-12-12,0.3225
2016-12-13,0.32125
2016-12-14,0.32125
2016-12-15,0.32
2016-12-16,0.32125
2016-12-19,0.32
2016-12-20,0.31788
2016-12-21,0.31563
2016-12-22,0.31719
2016-12-23,0.31625
2016-12-26,.
2016-12-27,.
2016-12-28,0.31875
2016-12-29,0.3225
2016-12-30,0.32188
2017-01-02,.
2017-01-03,0.31688
2017-01-04,0.31688
2017-01-05,0.31625
2017-01-06,0.31775
2017-01-09,0.3165
2017-01-10,0.31838
2017-01-11,0.319
2017-01-12,0.32175
2017-01-13,0.32088
2017-01-16,0.31775
2017-01-17,0.31613
2017-01-18,0.31788
2017-01-19,0.31663
2017-01-20,0.321
2017-01-23,0.3215
2017-01-24,0.3215
2017-01-25,0.32025
2017-01-26,0.32013
2017-01-27,0.31888
2017-01-30,0.31525
2017-01-31,0.31963
2017-02-01,0.31588
2017-02-02,0.31338
2017-02-03,0.31338
2017-02-06,0.31463
2017-02-07,0.31588
2017-02-08,0.31563
2017-02-09,0.31481
2017-02-10,0.31481
2017-02-13,0.31463
2017-02-14,0.31431
2017-02-15,0.31556
2017-02-16,0.32294
2017-02-17,0.32175
2017-02-20,0.3205
2017-02-21,0.31775
2017-02-22,0.31919
2017-02-23,0.31825
2017-02-24,0.31281
2017-02-27,0.3115
2017-02-28,0.3135
2017-03-01,0.31038
2017-03-02,0.31288
2017-03-03,0.316
2017-03-06,0.3165
2017-03-07,0.31475
2017-03-08,0.311
2017-03-09,0.3085
2017-03-10,0.30725
2017-03-13,0.306
2017-03-14,0.30688
2017-03-15,0.30413
2017-03-16,0.308
2017-03-17,0.30525
2017-03-20,0.30113
2017-03-21,0.306
2017-03-22,0.3065
2017-03-23,0.30475
2017-03-24,0.30388
2017-03-27,0.30513
2017-03-28,0.30263
2017-03-29,0.30488
2017-03-30,0.30988
2017-03-31,0.30488
2017-04-03,0.30925
2017-04-04,0.302
2017-04-05,0.30188
2017-04-06,0.29938
2017-04-07,0.29963
2017-04-10,0.29775
2017-04-11,0.29763
2017-04-12,0.301
2017-04-13,0.29525
2017-04-14,.
2017-04-17,.
2017-04-18,0.29838
2017-04-19,0.30013
2017-04-20,0.29963
2017-04-21,0.29425
2017-04-24,0.29463
2017-04-25,0.28825
2017-04-26,0.28613
2017-04-27,0.28575
2017-04-28,0.28513
2017-05-01,.
2017-05-02,0.28425
2017-05-03,0.283
2017-05-04,0.28363
2017-05-05,0.28188
2017-05-08,0.2815
2017-05-09,0.27931
2017-05-10,0.2795
2017-05-11,0.2815
2017-05-12,0.27725
2017-05-15,0.27975
2017-05-16,0.2785
2017-05-17,0.27463
2017-05-18,0.2745
2017-05-19,0.2735
2017-05-22,0.2735
2017-05-23,0.27138
2017-05-24,0.27363
2017-05-25,0.27325
2017-05-26,0.27338
2017-05-29,.
2017-05-30,0.26925
2017-05-31,0.26813
2017-06-01,0.26813
2017-06-02,0.26713
2017-06-05,0.26713
2017-06-06,0.2665
2017-06-07,0.26825
2017-06-08,0.267
2017-06-09,0.26438
2017-06-12,0.265
2017-06-13,0.26625
2017-06-14,0.26625
2017-06-15,0.26838
2017-06-16,0.26938
2017-06-19,0.27038
2017-06-20,0.26725
2017-06-21,0.26513
2017-06-22,0.27013
2017-06-23,0.27144
2017-06-26,0.27056
2017-06-27,0.27119
2017-06-28,0.27088
2017-06-29,0.27456
2017-06-30,0.27469
2017-07-03,0.27475
2017-07-04,0.27456
2017-07-05,0.27781
2017-07-06,0.27594
2017-07-07,0.27406
2017-07-10,0.27344
2017-07-11,0.27406
2017-07-12,0.26944
2017-07-13,0.27213
2017-07-14,0.267
2017-07-17,0.26763
2017-07-18,0.26644
2017-07-19,0.26763
2017-07-20,0.27031
2017-07-21,0.27013
2017-07-24,0.26806
2017-07-25,0.26738
2017-07-26,0.268
2017-07-27,0.26844
2017-07-28,0.26731
2017-07-31,0.26606
2017-08-01,0.26825
2017-08-02,0.27019
2017-08-03,0.27288
2017-08-04,0.26238
2017-08-07,0.26469
2017-08-08,0.26469
2017-08-09,0.26438
2017-08-10,0.261
2017-08-11,0.26331
2017-08-14,0.26363
2017-08-15,0.26288
2017-08-16,0.26375
2017-08-17,0.265
2017-08-18,0.2625
2017-08-21,0.26281
2017-08-22,0.26438
2017-08-23,0.26438
2017-08-24,0.26406
2017-08-25,0.26438
2017-08-28,.
2017-08-29,0.2665
2017-08-30,0.26488
2017-08-31,0.26144
2017-09-01,0.26406
2017-09-04,0.26469
2017-09-05,0.26331
2017-09-06,0.26425
2017-09-07,0.26369
2017-09-08,0.26275
2017-09-11,0.26369
2017-09-12,0.26675
2017-09-13,0.26975
2017-09-14,0.27138
2017-09-15,0.28156
2017-09-18,0.28425
2017-09-19,0.2855
2017-09-20,0.288
2017-09-21,0.28775
2017-09-22,0.287
2017-09-25,0.28738
2017-09-26,0.28738
2017-09-27,0.28738
2017-09-28,0.2955
2017-09-29,0.29725
2017-10-02,0.29975
2017-10-03,0.30338
2017-10-04,0.30588
2017-10-05,0.3105
2017-10-06,0.3105
2017-10-09,0.31813
2017-10-10,0.32325
2017-10-11,0.32563
2017-10-12,0.326
2017-10-13,0.32713
2017-10-16,0.33724
2017-10-17,0.33825
2017-10-18,0.33952
2017-10-19,0.34391
2017-10-20,0.34246
2017-10-23,0.35538
2017-10-24,0.35983
2017-10-25,0.3757
2017-10-26,0.38729
2017-10-27,0.39184
2017-10-30,0.40488
2017-10-31,0.41525
2017-11-01,0.42875
2017-11-02,0.44625
2017-11-03,0.50613
2017-11-06,0.5125
2017-11-07,0.50781
2017-11-08,0.50594
2017-11-09,0.51138
2017-11-10,0.50519
2017-11-13,0.50481
2017-11-14,0.50669
2017-11-15,0.51069
2017-11-16,0.50981
2017-11-17,0.51006
2017-11-20,0.51138
2017-11-21,0.51031
2017-11-22,0.51063
2017-11-23,0.50906
2017-11-24,0.50931
2017-11-27,0.50806
2017-11-28,0.50713
2017-11-29,0.50838
2017-11-30,0.50725
2017-12-01,0.504
2017-12-04,0.50775
2017-12-05,0.5065
2017-12-06,0.50306
2017-12-07,0.50519
2017-12-08,0.50794
2017-12-11,0.50419
2017-12-12,0.50294
2017-12-13,0.50419
2017-12-14,0.50475
2017-12-15,0.50419
2017-12-18,0.50231
2017-12-19,0.50106
2017-12-20,0.50825
2017-12-21,0.50825
2017-12-22,0.50544
2017-12-25,.
2017-12-26,.
2017-12-27,0.50856
2017-12-28,0.50825
2017-12-29,0.50731
2018-01-01,.
2018-01-02,0.50125
2018-01-03,0.50156
2018-01-04,0.50144
2018-01-05,0.50144
2018-01-08,0.50531
2018-01-09,0.50606
2018-01-10,0.50681
2018-01-11,0.50631
2018-01-12,0.50663
2018-01-15,0.50944
2018-01-16,0.507
2018-01-17,0.50663
2018-01-18,0.50738
2018-01-19,0.50931
2018-01-22,0.50831
2018-01-23,0.50819
2018-01-24,0.50788
2018-01-25,0.50975
2018-01-26,0.51125
2018-01-29,0.51125
2018-01-30,0.508
2018-01-31,0.5105
2018-02-01,0.513
2018-02-02,0.51175
2018-02-05,0.51144
2018-02-06,0.51119
2018-02-07,0.50944
2018-02-08,0.51131
2018-02-09,0.51356
2018-02-12,0.51269
2018-02-13,0.51381
2018-02-14,0.51444
2018-02-15,0.51425
2018-02-16,0.51456
2018-02-19,0.51488
2018-02-20,0.51531
2018-02-21,0.51375
2018-02-22,0.51669
2018-02-23,0.52331
2018-02-26,0.52075
2018-02-27,0.51919
2018-02-28,0.52044
2018-03-01,0.52125
2018-03-02,0.52227
2018-03-05,0.52268
2018-03-06,0.5223
2018-03-07,0.52375
2018-03-08,0.52469
2018-03-09,0.52094
2018-03-12,0.53004
2018-03-13,0.53191
2018-03-14,0.53016
2018-03-15,0.53447
2018-03-16,0.5386
2018-03-19,0.54934
2018-03-20,0.55497
2018-03-21,0.56406
2018-03-22,0.57113
2018-03-23,0.563
2018-03-26,0.57263
2018-03-27,0.58825
2018-03-28,0.59463
2018-03-29,0.59394
2018-03-30,.
2018-04-02,.
2018-04-03,0.60044
2018-04-04,0.60719
2018-04-05,0.61375
2018-04-06,0.62031
2018-04-09,0.63006
2018-04-10,0.63031
2018-04-11,0.63062
2018-04-12,0.63193
2018-04-13,0.64256
2018-04-16,0.64881
2018-04-17,0.65624
2018-04-18,0.65275
2018-04-19,0.6625
2018-04-20,0.63188
2018-04-23,0.62788
2018-04-24,0.62938
2018-04-25,0.63375
2018-04-26,0.632
2018-04-27,0.58388
2018-04-30,0.57888
2018-05-01,0.57281
2018-05-02,0.57038
2018-05-03,0.56475
2018-05-04,0.55638
2018-05-07,.
2018-05-08,0.55963
2018-05-09,0.56525
2018-05-10,0.55575
2018-05-11,0.53825
2018-05-14,0.5385
2018-05-15,0.53863
2018-05-16,0.53638
2018-05-17,0.53938
2018-05-18,0.53563
2018-05-21,0.53413
2018-05-22,0.53663
2018-05-23,0.53725
2018-05-24,0.53738
2018-05-25,0.534
2018-05-28,.
2018-05-29,0.53038
2018-05-30,0.53413
2018-05-31,0.53914
2018-06-01,0.53566
2018-06-04,0.54204
2018-06-05,0.54142
2018-06-06,0.54514
2018-06-07,0.54674
2018-06-08,0.54247
2018-06-11,0.54425
2018-06-12,0.54413
2018-06-13,0.54388
2018-06-14,0.54638
2018-06-15,0.54713
2018-06-18,0.54875
2018-06-19,0.54513
2018-06-20,0.54763
2018-06-21,0.547
2018-06-22,0.56213
2018-06-25,0.56525
2018-06-26,0.5645
2018-06-27,0.56663
2018-06-28,0.56913
2018-06-29,0.58275
2018-07-02,0.584
2018-07-03,0.58675
2018-07-04,0.59375
2018-07-05,0.61125
2018-07-06,0.61638
2018-07-09,0.62675
2018-07-10,0.63188
2018-07-11,0.63663
2018-07-12,0.63713
2018-07-13,0.63925
2018-07-16,0.65588
2018-07-17,0.65588
2018-07-18,0.64888
2018-07-19,0.65775
2018-07-20,0.658
2018-07-23,0.67025
2018-07-24,0.67888
2018-07-25,0.6855
2018-07-26,0.687
2018-07-27,0.695
2018-07-30,0.70375
2018-07-31,0.71075
2018-08-01,0.72125
2018-08-02,0.735
2018-08-03,0.75088
2018-08-06,0.75213
2018-08-07,0.7505
2018-08-08,0.7465
2018-08-09,0.74963
2018-08-10,0.74988
2018-08-13,0.74913
2018-08-14,0.74663
2018-08-15,0.74513
2018-08-16,0.74688
2018-08-17,0.74325
2018-08-20,0.74575
2018-08-21,0.74588
2018-08-22,0.746
2018-08-23,0.74613
2018-08-24,0.74613
2018-08-27,.
2018-08-28,0.74688
2018-08-29,0.74775
2018-08-30,0.74638
2018-08-31,0.7465
2018-09-03,0.74725
2018-09-04,0.74613
2018-09-05,0.74888
2018-09-06,0.74875
2018-09-07,0.74844
2018-09-10,0.74775
2018-09-11,0.74563
2018-09-12,0.74444
2018-09-13,0.74706
2018-09-14,0.74425
2018-09-17,0.74719
2018-09-18,0.74663
2018-09-19,0.74706
2018-09-20,0.74825
2018-09-21,0.75013
2018-09-24,0.74675
2018-09-25,0.748
2018-09-26,0.74675
2018-09-27,0.75075
2018-09-28,0.75069
2018-10-01,0.74981
2018-10-02,0.7515
2018-10-03,0.74863
2018-10-04,0.74925
2018-10-05,0.7535
2018-10-08,0.75475
2018-10-09,0.75563
2018-10-10,0.7565
2018-10-11,0.75931
2018-10-12,0.75575
2018-10-15,0.75425
2018-10-16,0.75288
2018-10-17,0.74838
2018-10-18,0.74888
2018-10-19,0.749
2018-10-22,0.7535
2018-10-23,0.7505
2018-10-24,0.75175
2018-10-25,0.75425
2018-10-26,0.75388
2018-10-29,0.75563
2018-10-30,0.75219
2018-10-31,0.75781
2018-11-01,0.75856
2018-11-02,0.75438
2018-11-05,0.76113
2018-11-06,0.75863
2018-11-07,0.76425
2018-11-08,0.76263
2018-11-09,0.76625
2018-11-12,0.76675
2018-11-13,0.76688
2018-11-14,0.76738
2018-11-15,0.7655
2018-11-16,0.76563
2018-11-19,0.77238
2018-11-20,0.76863
2018-11-21,0.76725
2018-11-22,0.76863
2018-11-23,0.76613
2018-11-26,0.7655
2018-11-27,0.76575
2018-11-28,0.7685
2018-11-29,0.77225
2018-11-30,0.77275
2018-12-03,0.77075
2018-12-04,0.7795
2018-12-05,0.7835
2018-12-06,0.78188
2018-12-07,0.7815
2018-12-10,0.78363
2018-12-11,0.78663
2018-12-12,0.78388
2018-12-13,0.78788
2018-12-14,0.78525
2018-12-17,0.78575
2018-12-18,0.7915
2018-12-19,0.79013
2018-12-20,0.79063
2018-12-21,0.79188
2018-12-24,0.79113
2018-12-25,.
2018-12-26,.
2018-12-27,0.79288
2018-12-28,0.79438
2018-12-31,0.79338
2019-01-01,.
2019-01-02,0.79413
2019-01-03,0.79588
2019-01-04,0.79413
2019-01-07,0.79425
2019-01-08,0.79575
2019-01-09,0.79625
2019-01-10,0.79563
2019-01-11,0.796
2019-01-14,0.795
2019-01-15,0.79538
2019-01-16,0.79563
2019-01-17,0.79588
2019-01-18,0.79588
2019-01-21,0.7955
2019-01-22,0.794
2019-01-23,0.79463
2019-01-24,0.79438
2019-01-25,0.795
2019-01-28,0.7945
2019-01-29,0.79413
2019-01-30,0.79213
2019-01-31,0.79075
2019-02-01,0.793
2019-02-04,0.79138
2019-02-05,0.79213
2019-02-06,0.7915
2019-02-07,0.789
2019-02-08,0.78613
2019-02-11,0.78638
2019-02-12,0.785
2019-02-13,0.78538
2019-02-14,0.77888
2019-02-15,0.77763
2019-02-18,0.782
2019-02-19,0.78325
2019-02-20,0.78813
2019-02-21,0.78288
2019-02-22,0.78263
2019-02-25,0.7825
2019-02-26,0.7835
2019-02-27,0.783
2019-02-28,0.78863
2019-03-01,0.78388
2019-03-04,0.78325
2019-03-05,0.78388
2019-03-06,0.783
2019-03-07,0.78225
2019-03-08,0.78563
2019-03-11,0.782
2019-03-12,0.78325
2019-03-13,0.78688
2019-03-14,0.78288
2019-03-15,0.78825
2019-03-18,0.787
2019-03-19,0.78288
2019-03-20,0.78213
2019-03-21,0.78229
2019-03-22,0.77563
2019-03-25,0.77638
2019-03-26,0.77688
2019-03-27,0.77813
2019-03-28,0.77675
2019-03-29,0.77263
2019-04-01,0.773
2019-04-02,0.771
2019-04-03,0.77413
2019-04-04,0.77313
2019-04-05,0.77175
2019-04-08,0.77575
2019-04-09,0.77375
2019-04-10,0.77463
2019-04-11,0.7765
2019-04-12,0.77825
2019-04-15,0.77438
2019-04-16,0.774
2019-04-17,0.77313
2019-04-18,0.773
2019-04-19,.
2019-04-22,.
2019-04-23,0.77463
2019-04-24,0.7735
2019-04-25,0.77125
2019-04-26,0.775
2019-04-29,0.77375
2019-04-30,0.77213
2019-05-01,0.7745
2019-05-02,0.78113
2019-05-03,0.77863
2019-05-06,.
2019-05-07,0.77788
2019-05-08,0.77875
2019-05-09,0.77688
2019-05-10,0.77575
2019-05-13,0.774
2019-05-14,0.77213
2019-05-15,0.771
2019-05-16,0.77213
2019-05-17,0.77175
2019-05-20,0.7715
2019-05-21,0.77025
2019-05-22,0.76938
2019-05-23,0.76775
2019-05-24,0.767
2019-05-27,.
2019-05-28,0.76888
2019-05-29,0.76725
2019-05-30,0.76675
2019-05-31,0.76913
2019-06-03,0.76875
2019-06-04,0.76488
2019-06-05,0.76513
2019-06-06,0.76038
2019-06-07,0.7605
2019-06-10,0.75875
2019-06-11,0.76
2019-06-12,0.7605
2019-06-13,0.7615
2019-06-14,0.75913
2019-06-17,0.76275
2019-06-18,0.76263
2019-06-19,0.76363
2019-06-20,0.76488
2019-06-21,0.76075
2019-06-24,0.761
2019-06-25,0.75813
2019-06-26,0.75413
2019-06-27,0.751
2019-06-28,0.75413
2019-07-01,0.75175
2019-07-02,0.75225
2019-07-03,0.74675
2019-07-04,0.7525
2019-07-05,0.75113
2019-07-08,0.75013
2019-07-09,0.751
2019-07-10,0.75063
2019-07-11,0.751
2019-07-12,0.75138
2019-07-15,0.75388
2019-07-16,0.75163
2019-07-17,0.75125
2019-07-18,0.75213
2019-07-19,0.75225
2019-07-22,0.75113
2019-07-23,0.74775
2019-07-24,0.74775
2019-07-25,0.746
2019-07-26,0.74513
2019-07-29,0.74688
2019-07-30,0.74213
2019-07-31,0.74388
2019-08-01,0.74375
2019-08-02,0.74413
2019-08-05,0.74288
2019-08-06,0.74463
2019-08-07,0.74538
2019-08-08,0.74488
2019-08-09,0.74538
2019-08-12,0.74388
2019-08-13,0.74313
2019-08-14,0.74513
2019-08-15,0.74525
2019-08-16,0.74613
2019-08-19,0.7445
2019-08-20,0.74438
2019-08-21,0.7455
2019-08-22,0.74325
2019-08-23,0.74675
2019-08-26,.
2019-08-27,0.74425
2019-08-28,0.74775
2019-08-29,0.74375
2019-08-30,0.74325
2019-09-02,0.74325
2019-09-03,0.74275
2019-09-04,0.74338
2019-09-05,0.74475
2019-09-06,0.74625
2019-09-09,0.745
2019-09-10,0.74688
2019-09-11,0.747
2019-09-12,0.75475
2019-09-13,0.75775
2019-09-16,0.75275
2019-09-17,0.7545
2019-09-18,0.74913
2019-09-19,0.74813
2019-09-20,0.74675
2019-09-23,0.74713
2019-09-24,0.74625
2019-09-25,0.74038
2019-09-26,0.74213
2019-09-27,0.74288
2019-09-30,0.74375
2019-10-01,0.73388
2019-10-02,0.7395
2019-10-03,0.73775
2019-10-04,0.74125
2019-10-07,0.74075
2019-10-08,0.73875
2019-10-09,0.74013
2019-10-10,0.74538
2019-10-11,0.75563
2019-10-14,0.75538
2019-10-15,0.75713
2019-10-16,0.75575
2019-10-17,0.76125
2019-10-18,0.75888
2019-10-21,0.75913
2019-10-22,0.757
2019-10-23,0.75975
2019-10-24,0.76163
2019-10-25,0.75475
2019-10-28,0.75825
2019-10-29,0.75738
2019-10-30,0.75713
2019-10-31,0.76163
2019-11-01,0.76475
2019-11-04,0.76188
2019-11-05,0.764
2019-11-06,0.76325
2019-11-07,0.76138
2019-11-08,0.76013
2019-11-11,0.759
2019-11-12,0.763
2019-11-13,0.76238
2019-11-14,0.76238
2019-11-15,0.7595
2019-11-18,0.75888
2019-11-19,0.75813
2019-11-20,0.75875
2019-11-21,0.75988
2019-11-22,0.7595
2019-11-25,0.75775
2019-11-26,0.757
2019-11-27,0.75313
2019-11-28,0.75525
2019-11-29,0.75513
2019-12-02,0.75263
2019-12-03,0.7515
2019-12-04,0.7515
2019-12-05,0.75263
2019-12-06,0.75088
2019-12-09,0.75275
2019-12-10,0.75075
2019-12-11,0.74575
2019-12-12,0.74013
2019-12-13,0.7575
2019-12-16,0.75538
2019-12-17,0.75213
2019-12-18,0.74675
2019-12-19,0.74775
2019-12-20,0.75613
2019-12-23,0.75638
2019-12-24,0.75875
2019-12-25,.
2019-12-26,.
2019-12-27,0.75563
2019-12-30,0.75475
2019-12-31,0.75338
2020-01-01,.
2020-01-02,0.75438
2020-01-03,0.75238
2020-01-06,0.75238
2020-01-07,0.75525
2020-01-08,0.756
2020-01-09,0.74163
2020-01-10,0.73225
2020-01-13,0.703
2020-01-14,0.70113
2020-01-15,0.683
2020-01-16,0.67988
2020-01-17,0.663
2020-01-20,0.66163
2020-01-21,0.65913
2020-01-22,0.657
2020-01-23,0.66
2020-01-24,0.65813
2020-01-27,0.6475
2020-01-28,0.64638
2020-01-29,0.66238
2020-01-30,0.6645
2020-01-31,0.745
2020-02-03,0.74175
2020-02-04,0.73675
2020-02-05,0.73513
2020-02-06,0.7345
2020-02-07,0.73388
2020-02-10,0.732
2020-02-11,0.7325
2020-02-12,0.73125
2020-02-13,0.73138
